INSERT INTO bible.readhistory (scripture_reference) VALUES 
    ('GEN 1:1');

INSERT INTO bible.languages (iso, name, nameLocal, scriptDirection) VALUES 
    ('eng', 'English', 'English', 'LTR'),
    ('hbo', 'Hebrew, Ancient', 'עברית', 'RTL'),
    ('heb', 'Hebrew, Modern', 'עברית', 'RTL'),
    ('grc', 'Greek, Ancient', 'Ελληνιστική', 'LTR');
    -- ('', '', '', ''), 
    -- Probably need to add the following (from dbl website - check whether language codes differ) 
    --      [Greek: Ancient] [Ancient Greek (to 1453)] [Greek] [Hebrew] [Ancient Hebrew]
    -- Greek : https://app.library.bible/content?languageIsoCodes=ell%2Cgrc%2Cgrc%2Cgrc&sortBy=name&sortOrder=asc [33]
    -- Hebrew : https://app.library.bible/content?isOpenAccess=true&languageIsoCodes=heb%2Cheb&sortBy=name&sortOrder=asc [3]
    -- English : https://app.library.bible/content?languageIsoCodes=ang%2Cbzj%2Ceng%2Cgul%2Cicr%2Cjam%2Cjam%2Clir&sortBy=name&sortOrder=asc [176]

INSERT INTO bible.dblagreements (id, copyright, promotion, active, expiry, enabled) VALUES
    (240017, 'PUBLIC DOMAIN', 'This public domain Bible translation is brought to you courtesy of eBible.org.', '2015-12-15', '9999-12-31', True),
    (240018, 'PUBLIC DOMAIN. "World Messianic Bible" is a trademark.', 'This public domain Bible translation text is brought to you courtesy of eBible.org.', '2015-12-15', '9999-12-31', True),
    (252280, '© 2014 Dr. Paul W. Esposito', 'Translated by Dr. Paul W. Esposito.', '2020-04-05', '9999-12-31', True),
    (262699, 'Dr. Jonathan Gallagher. Released under Creative Commons Attribution-ShareAlike 4.0 Unported License. Version 4.1. For corrections send email to jonathangallagherfbv@gmail.com', 'FBV: this translation is directly from the Hebrew and Greek text. It is licensed under a Creative Commons Attribution-ShareAlike 4.0 Unported License. This means this work can be copied and used as long as it is identified as the Free Bible Version and any adaptations are identified. Any derivative work is to be released under the same license. (A full description of the license is at https://creativecommons.org/licenses/by-sa/4.0/legalcode). The intent is to be as faithful as possible to the original meaning without being awkward or misleading. The style is contemporary English, avoiding slang or colloquialisms, speaking to our modern society in a way people will understand. The Free Bible Version is a project of Free Bible Ministry www.freebibleministry.org', '2022-03-09', '9999-12-31', True),
    (269494, 'PUBLIC DOMAIN public domain', 'This public domain Bible text is brought to you courtesy of eBible.org.', '2022-11-02', '9999-12-31', True),
    (260328, 'The Literal Standard Version of The Holy Bible is a registered copyright of Covenant Press and the Covenant Christian Coalition (© 2020), but has been subsequently released under the Creative Commons Attribution-ShareAlike license (CC BY-SA) per our desire to provide God’s word freely. Covenant Press requests that the text remain unaltered in the English language and that translations based on the LSV maintain the same spirit of faithfulness to the original Hebrew, Aramaic, and Greek text. Attribution of minor citations for personal or non-commercial use can be provided as simply “LSV” or “Literal Standard Version.” Citations for commercial use, or distribution of the entire LSV Bible or entire book(s) of the LSV Bible, must be fully attributed and include both “Literal Standard Version (LSV)” and the name of our organization. Covenant Press is soliciting partnerships with Bible publishers that are interested in the LSV project. For queries about partnering with us, please email the translation team at covenantpress@ccc.one. To learn more, visit lsvbible.com. The purpose behind the LSV is to provide readers with a modern, easy-to-read, literal, and accurate translation of the Bible that is free to read, distribute, and translate from. We pray that God will use the LSV to illuminate the hearts and minds of multitudes with the good news that His Son Jesus Christ came in the flesh, died for our sins as a substitutionary sacrifice, rose bodily from the dead, and is coming back again.', null, '2021-09-23', '9999-12-31', True),
    (245511, 'PUBLIC DOMAIN  PUBLIC DOMAIN', 'This public domain Bible translation is brought to you by eBible.org. For additional formats and download options, please see https://ebible.org/find/details.php?id=engDRA.', '2018-07-09', '9999-12-31', True),
    (278101, 'No copyright, but "World English Bible" is a Trademark of eBible.org that can only be used with faithful copies of the World English Bible as published on eBible.org.', 'This Public Domain text is brought to you by eBible.org.', '2024-02-22', '9999-12-31', True),
    (270964, 'PUBLIC DOMAIN PUBLIC DOMAIN', 'This PUBLIC DOMAIN Bible source text is provided to you by eBible.org.', '2023-02-24', '9999-12-31', True),
    (265856, 'Copyright © 2022 Robert Adam Boyd The Text-Critical English New Testament and the Byzantine Text Version are made available to you under the terms of the Creative Commons Attribution license 4.0. You are free to: Share — copy and redistribute the material in any medium or format Adapt — remix, transform, and build upon the material for any purpose, even commercially, Under the following terms: Attribution — You must give appropriate credit, provide a link to the license, and indicate if changes were made. You may do so in any reasonable manner, but not in any way that suggests the licensor endorses you or your use.  No additional restrictions — You may not apply legal terms or technological measures that legally restrict others from doing anything the license permits. "The Text-Critical English New Testament" and "Byzantine Text Version" are trademarks of Robert Adam Boyd. If you adapt, remix, transform, or in any other way change the translation or footnotes, you may not call it "The Text-Critical English New Testament" or "Byzantine Text Version".', 'This open access New Testament is brought to you courtesy of Robert Adam Boyd and eBible.org.', '2022-08-26', '9999-12-31', True),
    (240014, 'PUBLIC DOMAIN', 'This public domain Bible translation is brought to you courtesy of eBible.org. For additional formats and downloads, please see https://eBible.org/find/details.php?id=eng-asv.', '2015-12-15', '9999-12-31', True),
    (252238, 'This work is in the PUBLIC DOMAIN. It is not copyrighted.', 'Thanks to Adam Boyd for his annotation work.', '2020-03-27', '9999-12-31', True),
    (246913, 'Copyright © 2008-2017 Ellis W. Deibler. Released under the Creative Commons Attribution Share-Alike license 4.0.', 'Many thanks to Ellis W. Deibler and his translation team for sharing this great work!', '2019-03-14', '9999-12-31', True),
    (242201, 'PUBLIC DOMAIN. "World English Bible" is trademark of eBible.org.', 'This public domain Bible translation is brought to you courtesy of eBible.org.', '2016-12-15', '9999-12-31', True),
    (265855, 'Public Domain', 'This Public Domain Bible text is made available to you courtesy of Robert Adam Boyd and eBible.org.', '2022-08-26', '9999-12-31', True),
    (254051, 'The Literal Standard Version of The Holy Bible is a registered copyright of Covenant Press and the Covenant Christian Coalition (© 2020), but has been subsequently released under the Creative Commons Attribution-ShareAlike license (CC BY-SA) per our desire to provide God’s word freely. Covenant Press requests that the text remain unaltered in the English language and that translations based on the LSV maintain the same spirit of faithfulness to the original Hebrew, Aramaic, and Greek text. Attribution of minor citations for personal or non-commercial use can be provided as simply “LSV” or “Literal Standard Version.” Citations for commercial use, or distribution of the entire LSV Bible or entire book(s) of the LSV Bible, must be fully attributed and include both “Literal Standard Version (LSV)” and the name of our organization. Covenant Press is soliciting partnerships with Bible publishers that are interested in the LSV project. For queries about partnering with us, please email the translation team at covenantpress@ccc.one. To learn more, visit lsvbible.com. The purpose behind the LSV is to provide readers with a modern, easy-to-read, literal, and accurate translation of the Bible that is free to read, distribute, and translate from. We pray that God will use the LSV to illuminate the hearts and minds of multitudes with the good news that His Son Jesus Christ came in the flesh, died for our sins as a substitutionary sacrifice, rose bodily from the dead, and is coming back again.', null, '2020-09-29', '9999-12-31', True),
    (272278, 'THE ORTHODOX JEWISH BIBLE FOURTH EDITION REVISED © Artists For Israel Intl Inc., 2002-2011, 2021, 2024.', 'THE ORTHODOX JEWISH TANAKH Artists For Israel Intl Inc. This version also appears with the Orthodox Yiddish Triglot which presents the Hebrew Yiddish script in Latin script and an English word for word translation, available at afii.org/Torah To donate PayPal.Me', '2023-06-09', '9999-12-31', True),
    (265137, 'PUBLIC DOMAIN (not copyrighted)', 'This Public Domain Bible text is courtesy of eBible.org.', '2022-06-07', '9999-12-31', True),
    (240019, 'PUBLIC DOMAIN Public Domain', 'This public domain text is brought to you courtesy of eBible.org.', '2015-12-15', '9999-12-31', True),
    (253126, 'PUBLIC DOMAIN', 'This Public Domain (not copyrighted) Bible text is made available to you courtesy of eBible.org.', '2020-07-04', '9999-12-31', True),
    (252291, 'PUBLIC DOMAIN J. W. Etheridge, The Targums of Onkelos and Jonathan ben Uzziel on the Pentateuch: with the fragments of the Jerusalem Targum (London: Longman, Green, Longman, and Roberts, 1862-1865).', 'This public domain Bible translation text is made available to you courtesy of eBible.org.', '2020-04-09', '9999-12-31', True),
    (240016, 'PUBLIC DOMAIN. "World English Bible" is trademark of eBible.org.', 'This public domain Bible translation is brought to you courtesy of eBible.org.', '2015-12-15', '9999-12-31', True),
    (252265, 'This work, including its minor language updates, is in the PUBLIC DOMAIN. It is not copyrighted. You may not claim a copyright on this work. public domain', 'This public domain Bible text is provided to you courtesy of eBible.org and Adam Boyd.', '2020-04-01', '9999-12-31', True),
    (240020, 'PUBLIC DOMAIN', 'See http://WorldEnglish.Bible', '2015-12-15', '9999-12-31', True),
    (253125, 'Copyright 2016 William N. Pickering. CC-BY-SA Copyright © 2016 Wilbur N. Pickering This work is made available under a Creative Commons Attribution-ShareAlike 3.0 Unported License.', 'Courtesy of William N. Pickering', '2020-07-03', '9999-12-31', True),
    (261769, 'Biblica® הברית החדשה/הדרך זכויות פתוחות™ זכויות יוצרים © 1979, 2009 על ידי Biblica, Inc. Biblica® Open Hebrew Living New Testament™ Copyright © 1979, 2009 by Biblica, Inc.®  ״ביבליקה״ הינו סמל מסחרי הרשום במשרד הפטנטים והסמלים המסחריים של ארה"ב מטעם ביבליקה בע"מ. השימוש ברשות. “Biblica” is a trademark registered in the United States Patent and Trademark Office by Biblica, Inc. Used with permission.', 'עבודה זאת זמינה תחת רישיון בין לאומי של Creative Commons Attribution-ShareAlike 4.0 International License (CC BY-SA). על מנת לראות העתק של רישיון ניתן לבקר זה באתר: http://creativecommons.org/licenses/by-sa/4.0 או לשלוח מכתב לכתובת: Creative Commons, PO Box 1866, Mountain View, CA 94042, USA Biblica® הינו סמל מסחרי רשום מטעם ביבליקה ,בע״מ. על מנת להשתמש בסמל המסחרי הרשום Biblica®, יש צורך באישור בכתב מטעם ביבליקה, בע״מ. במסגרת תנאי הרישיון שלCC BY-SA , ניתן להעתיק ולהפיץ מחדש את עבודה זאת כל עוד אתה שומר על הסמל המסחרי הרשום Biblica® בשלומותו. במידה ואתה עורך העתק או מתרגם את עבודה זאת, ובזאת אתה יוצר עבודה מועתקת, עליך להסיר את הסמל המסחרי הרשום Biblica®. בעבודה המועתקת, עליך לציין את השינויים אשר ביצעת ולשייך את העבודה כדלקמן: ״העבודה המקורית מטעם ביבליקה, בע״מ זמינה בחינם באתר www.biblica.com www.open.bible הודעה על זכויות יוצרים חייבת להופיע בכותרת או בדף זכויות היוצרים של העבודה כדלקמן: Biblica® הברית החדשה/הדרך זכויות פתוחות™ זכויות יוצרים © 1979, 2009 על ידי Biblica, Inc. Biblica® Open Hebrew Living New Testament™ Copyright © 1979, 2009 by Biblica, Inc.®  ״ביבליקה״ הינו סמל מסחרי הרשום במשרד הפטנטים והסמלים המסחריים של ארה"ב מטעם ביבליקה בע"מ. השימוש ברשות. “Biblica” is a trademark registered in the United States Patent and Trademark Office by Biblica, Inc. Used with permission. חובה עליך גם להפוך את עבודתך המועתקת לזמינה תחת אותו הרישיון (CC BY-SA). העבודה הזאת, במידה ואתה רוצה ליידע את ביבליקה בע"מ בנוגע לתרגום של עבודה זאת אשר ביצעת, נא ליצור אתנו קשר ב https://open.bible/contact-us. This work is made available under the Creative Commons Attribution-ShareAlike 4.0 International License (CC BY-SA). To view a copy of this license, visit http://creativecommons.org/licenses/by-sa/4.0 or send a letter to Creative Commons, PO Box 1866, Mountain View, CA 94042, USA. Biblica® is a trademark registered by Biblica, Inc., and use of the Biblica® trademark requires the written permission of Biblica, Inc. Under the terms of the CC BY-SA license, you may copy and redistribute this unmodified work as long as you keep the Biblica® trademark intact. If you modify a copy or translate this work, thereby creating a derivative work, you must remove the Biblica® trademark. On the derivative work, you must indicate what changes you have made and attribute the work as follows: “The original work by Biblica, Inc. is available for free at www.biblica.com and open.bible.” Notice of copyright must appear on the title or copyright page of the work as follows: Biblica® הברית החדשה/הדרך זכויות פתוחות™ זכויות יוצרים © 1979, 2009 על ידי Biblica, Inc. Biblica® Open Hebrew Living New Testament™ Copyright © 1979, 2009 by Biblica, Inc.®  ״ביבליקה״ הינו סמל מסחרי הרשום במשרד הפטנטים והסמלים המסחריים של ארה"ב מטעם ביבליקה בע"מ. השימוש ברשות. “Biblica” is a trademark registered in the United States Patent and Trademark Office by Biblica, Inc. Used with permission. You must also make your derivative work available under the same license (CC BY-SA). If you would like to notify Biblica, Inc. regarding your translation of this work, please contact us at https://open.bible/contact-us.', '2022-02-04', '9999-12-31', True),
    (259557, 'The Holy Bible, Berean Standard Bible, BSB is produced in cooperation with Bible Hub, Discovery Bible, OpenBible.com, and the Berean Bible Translation Committee. This text of God’s Word has been dedicated to the public domain. The Holy Bible, Berean Standard Bible, BSB is produced in cooperation with Bible Hub, Discovery Bible, OpenBible.com, and the Berean Bible Translation Committee. This text of God’s Word has been dedicated to the public domain', 'https://berean.bible/', '2021-07-08', '9999-12-31', True),
    (245514, 'PUBLIC DOMAIN except in the United Kingdom, where a Crown Copyright applies to printing the KJV. See http://www.cambridge.org/about-us/who-we-are/queens-printers-patent', 'This historical translation of the Holy Bible is brought to you in quality digital format by the Crosswire Bible Society and eBible.org.', '2018-07-11', '9999-12-31', True),
    (252266, 'This work is in the PUBLIC DOMAIN. It is not copyrighted. You may not claim a copyright on this work.', 'This Public Domain Bible translation text is brought to you courtesy of eBible.org.', '2020-04-01', '9999-12-31', True),
    (246069, 'Dr. Jonathan Gallagher. Released under Creative Commons Attribution-ShareAlike 4.0 Unported License. Version 4.1. For corrections send email to jonathangallagherfbv@gmail.com', 'FBV: this translation is directly from the Hebrew and Greek text. It is licensed under a Creative Commons Attribution-ShareAlike 4.0 Unported License. This means this work can be copied and used as long as it is identified as the Free Bible Version and any adaptations are identified. Any derivative work is to be released under the same license. (A full description of the license is at https://creativecommons.org/licenses/by-sa/4.0/legalcode). The intent is to be as faithful as possible to the original meaning without being awkward or misleading. The style is contemporary English, avoiding slang or colloquialisms, speaking to our modern society in a way people will understand. The Free Bible Version is a project of Free Bible Ministry www.freebibleministry.org', '2018-10-08', '9999-12-31', True),
    (253124, 'PUBLIC DOMAIN Copyright © 2015 Wilbur N. Pickering. This text is made available to you under the terms of the Creative Commons Attribution-Noncommercial-No Derivatives license 4.0.', 'Courtesy Wilbur N. Pickering.', '2020-07-03', '9999-12-31', True),
    (250819, 'PUBLIC DOMAIN PUBLIC DOMAIN', 'This Public Domain text is brought to you by eBible.org.', '2020-01-21', '9999-12-31', True),
    (259032, 'Public Domain', 'This Public Domain Bible text is brought to you courtesy of eBible.org.', '2021-05-25', '9999-12-31', True);

INSERT INTO bible.dblinfo (dbl_id, agreement_id) VALUES
    ('65eec8e0b60e656b', 246069), -- FBV | text | Free Bible Version
    ('de4e12af7f28f599', 245514), -- KJV | text | King James (Authorised) Version
    ('55212e3cf5d04d49', 253126), -- KJVCPB | text | Cambridge Paragraph Bible of the KJV
    ('66c22495370cdfc0', 246913), -- T4T | text | Translation for Translators
    ('6bab4d6c61b31b80', 252265), -- LXXup | text | Brenton English Septuagint (Updated Spelling and Formatting)
    ('32664dc3288a28df', 265137), -- WEBUS | text | World English Bible, American English Edition, without Strong's Numbers
    ('c89622d31b60c444', 272278), -- TOJB2011 | text | The Orthodox Jewish Bible
    ('7142879509583d59', 240016), -- WEBBE | text | World English Bible British Edition
    ('01b29f4b342acc35', 260328), -- LSV | text | Literal Standard Version
    ('f72b840c855f362c', 240017), -- WMB | text | World Messianic Bible
    ('01b29f4b342acc35', 254051), -- LSV | text | Literal Standard Version
    ('65bfdebd704a8324', 250819), -- Brenton | text | Brenton English translation of the Septuagint
    ('40072c4a5aba4022', 240019), -- RV | text | Revised Version 1885
    ('06125adad2d5898a', 240014), -- ASV | text | The Holy Bible, American Standard Version
    ('04da588535d2f823', 240018), -- WMBBE | text | World Messianic Bible British Edition
    ('65eec8e0b60e656b', 262699), -- FBV | text | Free Bible Version
    ('72f4e6dc683324df', 278101), -- WEBU | text | World English Bible Updated
    ('55ec700d9e0d77ea', 252280), -- EMTV | text | English Majority Text Version
    ('179568874c45066f', 245511), -- DRA | text | Douay-Rheims American 1899
    ('2f0fd81d7b85b923', 253125), -- F35 | text | The English New Testament According to Family 35
    ('9879dbb7cfe39e4d', 240020), -- WEB | text | World English Bible
    ('ec290b5045ff54a5', 252291), -- OKE | text | Targum Onkelos Etheridge
    ('bba9f40183526463', 259557), -- BSB | text | Berean Standard Bible
    ('7142879509583d59', 242201), -- WEBBE | text | World English Bible British Edition
    ('32339cf2f720ff8e', 265856), -- TCENT | text | The Text-Critical English New Testament
    ('901dcd9744e1bf69', 259032), -- BYZ1904 | text | 1904 Patriarchal Greek New Testament with 20 corrections from later editions
    ('7644de2e4c5188e5', 265855), -- TCGNT | text | Text-Critical Greek New Testament
    ('47f396bad37936f0', 269494), -- SRGNT | text | Solid Rock Greek New Testament
    ('5e29945cf530b0f6', 253124), -- F35 | text | The Greek New Testament According to Family 35
    ('c114c33098c4fef1', 252266), -- GRCBRENT | text | Brenton Greek Septuagint
    ('3aefb10641485092', 252238), -- GRCTR | text | Greek Textus Receptus
    ('0b262f1ed7f084a6', 270964), -- WLC | text | The Hebrew Bible, Westminister Leningrad Codex
    ('a8a97eebae3c98e4', 261769); -- HDZP | text | BiblicaÂ® Open Hebrew Living New Testament 2009
